subject,body,sender,text,true,pred
please approve my leave request when free,please approve my leave request when free.  Cheers,boss@corp.com,please approve my leave request when free . please approve my leave request when free.  Cheers,Low,Medium
payment failed,"Good morning, production server is down, need a fix ASAP. production server is down, need a fix ASAP",promo@shop.com,"payment failed . Good morning, production server is down, need a fix ASAP. production server is down, need a fix ASAP",Low,High
webinar invitation: join our upcoming event,"Good morning, SOMEONE STARTED FOLLOWING YOU. interview scheduled tomorrow, confirm now Cheers",colleague@corp.com,"webinar invitation: join our upcoming event . Good morning, SOMEONE STARTED FOLLOWING YOU. interview scheduled tomorrow, confirm now Cheers",Medium,Low
you may like these recommended products,someone started following you.,colleague@corp.com,you may like these recommended products . someone started following you.,Medium,Low
thanks for subscribing to our updates,"Good morning, cafeteria lunch menu for next week.  Thanks",client.rep@acme.com,"thanks for subscribing to our updates . Good morning, cafeteria lunch menu for next week.  Thanks",High,Low
overdue invoice,"Hi, client escalation: contract at risk, call me immediately. payment failed, action required today",offers@deals.com,"overdue invoice . Hi, client escalation: contract at risk, call me immediately. payment failed, action required today",Low,High
security breach detected,"Exam rescheduled to tomorrow morning, please confirm.  Regards",client.rep@acme.com,"security breach detected . Exam rescheduled to tomorrow morning, please confirm.  Regards",Medium,High
please approve my leave request when free,"Dear all, sharing the agenda for next week's workshop.  Thanks",team@corp.com,"please approve my leave request when free . Dear all, sharing the agenda for next week's workshop.  Thanks",Low,Medium
following up on the earlier question about the bud,"Good morning, Could you check the attached spreadsheet.",hr.dept@corp.com,"following up on the earlier question about the bud . Good morning, Could you check the attached spreadsheet.",High,Medium
new task assigned to you in the tracker,please approve my leave request when free.  Best,promo@shop.com,new task assigned to you in the tracker . please approve my leave request when free.  Best,Low,Medium
interview scheduled tomorrow,"Hello team, exam rescheduled to tomorrow morning, please confirm.",colleague@corp.com,"interview scheduled tomorrow . Hello team, exam rescheduled to tomorrow morning, please confirm.",Low,High
board meeting moved to tonight,"Dear all, interview scheduled tomorrow, confirm now.  Best",colleague@corp.com,"board meeting moved to tonight . Dear all, interview scheduled tomorrow, confirm now.  Best",Medium,High
someone started following you,50% off sale this weekend only.  Thanks,no-reply@social.com,someone started following you . 50% off sale this weekend only.  Thanks,High,Low
overdue invoice,"Hey, client escalation: contract at risk, call me immediately.",prof@university.edu,"overdue invoice . Hey, client escalation: contract at risk, call me immediately.",Medium,High
50% off sale this weekend only,"Good morning, cafeteria lunch menu for next week.  Cheers",hr.dept@corp.com,"50% off sale this weekend only . Good morning, cafeteria lunch menu for next week.  Cheers",High,Low
payment failed,"Good morning, board meeting moved to tonight, join now.  Regards",news@media.com,"payment failed . Good morning, board meeting moved to tonight, join now.  Regards",Low,High
reminder: team sync on Thursday,"Dear all, Reminder: team sync on thursday.",prof@university.edu,"reminder: team sync on Thursday . Dear all, Reminder: team sync on thursday.",Low,Medium
you may like these recommended products,your monthly statement is available.  Cheers,prof@university.edu,you may like these recommended products . your monthly statement is available.  Cheers,Medium,Low
deadline is today,"Hey, board meeting moved to tonight, join now.  Thanks",no-reply@social.com,"deadline is today . Hey, board meeting moved to tonight, join now.  Thanks",Low,High
can you share the project update this week,"assignment guidelines updated, take a look.  Cheers",boss@corp.com,"can you share the project update this week . assignment guidelines updated, take a look.  Cheers",High,Medium
new task assigned to you in the tracker,sharing the agenda for next week's workshop.  Best,prof@university.edu,new task assigned to you in the tracker . sharing the agenda for next week's workshop.  Best,High,Medium
following up on the earlier question about the bud,feedback requested on the draft proposal.  Thanks,team@corp.com,following up on the earlier question about the bud . feedback requested on the draft proposal.  Thanks,High,Medium
exam rescheduled to tomorrow morning,"Dear all, overdue invoice, final notice before suspension. production server is down, need a fix ASAP Best",news@media.com,"exam rescheduled to tomorrow morning . Dear all, overdue invoice, final notice before suspension. production server is down, need a fix ASAP Best",Low,High
50% off sale this weekend only,"Dear all, 50% off sale this weekend only.  Regards",team@corp.com,"50% off sale this weekend only . Dear all, 50% off sale this weekend only.  Regards",Medium,Low
critical bug reported by customer,"Dear all, exam rescheduled to tomorrow morning, please confirm.  Thank you",manager@corp.com,"critical bug reported by customer . Dear all, exam rescheduled to tomorrow morning, please confirm.  Thank you",Medium,High
